,appearance,rowID,content,emotion
0,4.15900,40321433978535941,中中中,-0.5214234867252734
1,175.29000,40321360674160643,葫芦娃,0.5
2,373.09900,40321346811985923,+,0.5
3,106.84300,40321321947627525,那么大像素 一点用都没有,-0.7732747340738878
4,390.89900,40321196137381895,小米牛逼！！！！,-0.9263985000905467
5,43.34000,40320961389002759,？？？？？,-0.7716432466844814
6,139.18500,40320736982204423,拖影,0.5252439690646729
7,273.30000,40319689656107015,开垂直同步啊,-0.7658713807140438
8,147.00600,40319618731474947,我们今天不说下巴的事,-0.6828459430830077
9,406.20800,40319598029438981,都什么年代了还有人觉得用5 6000的手机有优越感？,-0.9703506027199893
10,183.04000,40319304369963011,mate20同样lcd屏，比同代pro X的下巴都小，不是不做不到，只是想省钱,-0.9630943410661712
11,94.76000,40318645128134661,感觉像.vivo,-0.5835211418962817
12,306.89900,40318644727578631,一分钱一分货 没钱的就买吧,-0.8325390651925164
13,287.10200,40318630691864583,A13 865都还没跑过 A14又来了,-0.9808262975322359
14,284.88300,40318618966687749,iPhone 12pro无敌,-0.5547947292870147
15,81.44400,40318218909777927,不环保,-0.748824883190878
16,54.11100,40317567717867525,不环保,-0.748824883190878
17,43.01600,40316959849971715,中,0.5434782608695654
18,118.20800,40316733310894087,草笑死了,-0.7912910981948914
19,302.41900,40316482982248453,拖影不是因为咱们看视频的帧数不够吗.....,-0.9976050993731584
20,103.27700,40316137034481671,五桶,0.5514231139596184
21,380.71600,40315836615884803,2299无敌,0.5959802767398612
22,123.15600,40315252218789891,不是微距镜头吗,-0.7425572351170031
23,92.27200,40314403917135879,10t,0.5
24,190.40200,40314168119132165,还永不为奴呢，都奴了几年了都,-0.9804888857201349
25,33.98000,40314081136607235,中,0.5434782608695654
26,254.85500,40313859068657671,LSP,0.5
27,77.15700,40313566520147975,不环保,-0.748824883190878
28,9.54000,40313237329674245,中,0.5434782608695654
29,221.41700,40313168710860805,方向错了,-0.758770306241552
30,29.17200,40313143132946435,能中,0.7063762120309977
31,398.69400,40313093027790855,良心,0.8
32,5.20600,40312981183528965,中,0.5434782608695654
33,75.67600,40312903714209799,我就喜欢不环保的手机,0.523177666045447
34,102.77900,40312654248542211,工模了,-0.858480819057209
35,375.18800,40312641482129415,dianqiuydfcao,0.5
36,402.06000,40312478613635079,2299杀疯了,-0.8204421134486395
37,374.74000,40312456747679749,2299真香,0.7531233586680728
38,22.93900,40312266257072131,中中中！！！？？？,-0.8712623210633352
39,64.78000,40312088056823811,不环保,-0.748824883190878
40,27.73500,40311941588058117,......,-0.8208352311177064
41,172.62000,40311931813232643,要什么自行车？,0.9686161290352062
42,106.99600,40311519330172931,一假三真的摄像头设计,0.648384551888938
43,3.11600,40311297547960323,售价2599的865 你在吐槽什么？,-0.7266218282942916
44,0.79500,40311270280790019,还有说颜色抄袭？？？？？,-0.5490247992395334
45,0.79500,40311259448999939,LCD都不知道是什么就下巴大？,-0.8296929270496428
46,0.55100,40311248581033991,镜头模组的矩形是坚果pro3上的 要说抄袭也是华为vivo抄袭老罗 弹幕人均小学生？,-0.9918676086802111
47,66.07300,40311105483964419,镜头模组的矩形是坚果pro3上的 要说抄袭也是华为vivo抄袭老罗 弹幕人均小学生？,-0.9918676086802111
48,8.18400,40310744309825541,中,0.5434782608695654
49,369.89500,40309684049018887,6666,0.5
50,37.29600,40309468944138247,中,0.5434782608695654
51,178.45900,40309148984279045,LCD永不为奴,-0.6476685249564166
52,295.00200,40308960291979269,iPadPro直呼内行,-0.6476685249564166
53,42.28600,40307794596855811,赞！,0.9580966908241839
54,133.73600,40307211695030279,红米中的劳斯莱斯,-0.7584722118916699
55,65.19900,40306478961131525,这样太不环保了,-0.960387328150042
56,235.64700,40305060879007749,吃鸡能开90帧吗,0.5293416223317641
57,16.36900,40302493128720387,啊吧啊吧,-0.6980249962799521
58,237.30900,40299813707186179,抄袭米，抄袭苹果抄华为，抄完华为抄vivo.,0.643567565605086
59,291.14800,40298958352285699,lcd拖影太严重,-0.99265594271666
60,151.01700,40298866189795335,没有超级壁纸？,-0.6266559238946512
61,13.03400,40297969769512967,中,0.5434782608695654
62,319.14000,40295822568980485,背面假的摄像头充数，前面假的两倍裁剪，真有你的,-0.9971412610240392
63,64.17900,40295665640669191,弹幕小鬼只会跟风刷环保？,-0.8635117482299064
64,298.55800,40295559746551811,不就是promotion？,-0.8931248666481731
65,96.80000,40294892334743557,这凸起，我吐了,-0.9345226110421961
66,262.36400,40293414171312133,这叫Nyquist Theorem,-0.7828304903687122
67,293.38200,40291844132175875,实测一下是不是这样比较好,0.751291861528974
68,282.09100,40291223997513731,奈奎斯特采样定理,-0.628191479878871
69,144.29700,40291037056860167,这下吧,-0.5881953628394107
70,85.31600,40290305052246021,有点像p40啊,-0.7919825396191078
71,73.76300,40290299095285767,3.3卢,-0.7136565603633456
72,95.34800,40289838354661379,我就想知道厚不厚？小米10太厚了。,-0.9984646907813055
73,56.01800,40289026432827397,不环保,-0.748824883190878
74,84.14200,40288978086133763,配色抄袭冰霜银，相机抄袭iqoo。,-0.7653904511765542
75,184.57900,40288923640397829,这个比P40的更蓝一点。,-0.8483633549070456
76,42.24000,40288209391845381,中,0.5434782608695654
77,25.45900,40288102461734917,中,0.5434782608695654
78,35.73200,40287279566028803,你不环保,-0.8250449471658706
79,201.86000,40287044980703235,这下巴还大？？,-0.6053611683349265
80,384.83500,40287034844119045,2200了,-0.748920020413591
81,20.48100,40286935627857927,中？？,-0.6069365533203704
82,30.99000,40286856136359943,？,0.5
83,219.85500,40286599290814467,60hz的演示动画就很离谱,-0.9786495440803347
84,46.98000,40286458557235203,？？？？,-0.7136565603633456
85,418.40400,40286153305227267,现在835玩游戏也没有任何问题，大型3D游戏是没有办法开全特效的,-0.6000389539610725
86,200.79600,40286031373139975,说边框的想想最便宜的865 你想怎样?,0.7752911185369948
87,102.03400,40285912004296711,硕大,0.5
88,411.18000,40285778146754563,已抢到,0.5158250818147015
89,117.50600,40285380021321733,六筒,-0.7305767020694016
90,91.90600,40285361458905091,不环保 我不支持,-0.5631774543534026
91,374.01300,40285299383730181,两千四的手机要什么自行车，工作党看不上买5000以上的好吗,-0.8680611043840525
92,70.04600,40284841989111811,极其不环保,-0.889918145572849
93,15.32900,40284830303780871,中中中,-0.5214234867252734
94,45.74000,40284468550303751,想入一部了～～,0.6931513135286662
95,98.82000,40284139026382851,vivo律师函警告,-0.8348513239425388
96,36.89300,40284128057229379,中奖,0.8333333333333333
97,79.67900,40283621198659587,花里胡哨的，真丑,-0.6932212043026331
98,143.08100,40283472531554307,劳斯莱斯,0.5
99,100.20400,40283405575258115,iqoo 5背面镜头一样,-0.7332531443570748
100,286.78900,40283007351259143,那是信号传输的有没有ISI，你们别秀了,-0.9484280604236891
101,410.40600,40282834432163847,我的妈呀，怎么这么香,0.6363757256746663
102,349.87700,40282382440857603,某为7000的手机才有x,-0.9765696302804471
103,188.57900,40282379809456133,就是冲着LCD才买的这个手机,-0.7028756865467105
104,52.01700,40282260408107011,就等这句当当,0.6122798857952801
105,27.71700,40282192583589893,你们韩服进的去吗,-0.5260333407274587
106,201.19300,40281908289994757,小米真就是不断地模仿啊，没设计师的么？,-0.89342283618469
107,175.05200,40281634078457859,下巴还是挺大,0.8757543687487952
108,195.82000,40280787771195397,这个机子无敌了,-0.752749026638229
109,93.22600,40280740232429573,GoPro?,-0.5755185864796883
110,91.29700,40280189221470213,p40低低配版,-0.7266612275729603
111,61.63600,40280164833689605,不环保,-0.748824883190878
112,11.21700,40279765529657347,..,-0.5755185864796883
113,40.24900,40279250071715843,中,0.5434782608695654
114,95.81900,40279199305957379,还以为是云台,-0.7889392577750715
115,165.37800,40279077648072707,这下巴800我才买,0.544369544529558
116,399.45100,40279059171639303,2299,0.5
117,15.62600,40279034827374599,中！！！11,-0.7394785019507476
118,326.10700,40279026581897219,只有2倍的话不合适了,-0.9531689889717017
119,74.51000,40278973198368773,不环保,-0.748824883190878
120,148.26000,40278883071688709,还挺好看的，不是挖孔就更好了,0.6275329141434505
121,37.43100,40278804004339719,中！,-0.532466732875227
122,192.72200,40278423069786119,小米10至尊青春版,0.5874911412041862
123,149.09700,40278183169753091,这个下巴,0.5705109215316714
124,33.10100,40277299538952199,?ooo,-0.5755185864796883
125,149.79000,40277247382257669,边框感人,0.9055563421428897
126,85.40000,40276779030020103,高端设计大众化,0.7654783208198263
127,212.03100,40276486320553987,都这价格了你还在乎下巴？,-0.6880548620878879
128,244.83400,40276295378010117,好的，我关注下这个小姐姐,0.7811625395552627
129,135.07400,40276229559418883,好看啊,0.7904490743591006
130,40.70400,40276114770755591,？,0.5
131,76.09500,40275904274366467,不环保,-0.748824883190878
132,211.22800,40275215714353155,lcd 下巴大正常，很难做到小下巴,0.9040812370372558
133,280.83900,40275189542420485,香农采样定理和这完全两码事，香农可没要求整数倍,-0.749413811723266
134,101.56400,40274736841752581,这不X50吗,-0.871343059740132
135,104.69900,40274502940098565,内行。,-0.5755185864796883
136,287.27800,40274263415455747,5G版哭了,-0.8873003592565445
137,81.62900,40274248322252807,眼熟。。。,0.5462182779237621
138,209.74000,40274047228968967,这下巴可以了,-0.6830149103957496
139,284.94000,40273648375824387,说LCD的不会选k30u或者k30s吗我真是无语了,-0.9998596936144273
140,57.05800,40272930208219139,不环保,-0.748824883190878
141,25.50400,40272667175550981,中,0.5434782608695654
142,72.36100,40272502730522629,不环保,-0.748824883190878
143,66.64200,40272003479371781,不环保,-0.748824883190878
144,104.78000,40271981768081413,这个比vivo的开模早,-0.7011091521317897
145,5.61700,40271928803459077,快男,0.5
146,54.75700,40271766499098631,中,0.5434782608695654
147,158.93700,40271667192659975,下巴下巴的你以前都不用手机就这两年用是吧,-0.7809755753642428
148,404.87900,40271400532443139,杀疯了,-0.7711722831549157
149,57.30900,40271117509197829,月光族版本2799,-0.7136565603633456
150,63.21800,40270790521782277,6.6倍不环保,-0.9379311972906299
151,202.19500,40270359638835207,LCD永不为奴,-0.6476685249564166
152,263.33300,40270224005005315,奈奎斯特采样定律,-0.7716432466844814
153,49.55900,40269937886363653,中奖,0.8333333333333333
154,41.99800,40269933951582211,中将,0.5940601805020505
155,76.56000,40269872358227975,太不环保了,-0.9476028787513023
156,67.57000,40269867600838661,不环保,-0.748824883190878
157,21.09800,40269780079345667,小米10至尊纪念版，,0.6194312510113288
158,21.09800,40269767151976455,小米10至尊纪念版,0.6881615125808139
159,169.47900,40269562820165635,懂了，小米不能说缺点,-0.9612344043145293
160,405.94200,40269022417125383,我还是835的小米6呢,-0.7826708575626642
161,29.72000,40268991433277447,不挖孔还是朋友,-0.5458466402392146
162,14.74000,40268643973464069,中,0.5434782608695654
163,38.46000,40268506292813829,真香,0.8052982110460313
164,85.05600,40268495459450887,不环保,-0.748824883190878
165,169.22200,40268479466045443,友商只管设计，我们抄就完了,-0.8232215803500036
166,93.18900,40268466068914179,刷P40的赶紧去医院康康眼睛吧,-0.9158999308445921
167,125.48500,40268307104792581,痞老板,-0.7972369757654914
168,378.82500,40268293400952839,这不是无边框手机？？？,-0.991218660379813
169,84.69500,40268153411338247,污染,0.6666666666666666
170,230.72800,40268142425407491,7挡双离合,-0.7136565603633441
171,400.20000,40268018912067587,我是学生你懂吧,-0.8493810065572676
172,50.48400,40267908600299523,不环保,-0.748824883190878
173,284.69300,40267839124799491,都是自动化的麽,-0.7837164129740702
174,25.85300,40267832191090693,666,0.5
175,69.23700,40267827374456835,𣎴王不丅呆,-0.664588263161736
176,13.71600,40267724828966917,呵呵,0.6798679867986797
177,291.42700,40267253463121925,我有选择困难,-0.9845303996115452
178,19.86000,40266869738307591,哈工校庆的盒子？,-0.8391705727917386
179,228.02000,40266103870980101,都2020了还烧屏呢,-0.7787972918611399
180,373.75400,40265894323552261,安兔兔垃圾,-0.9943062914566059
181,208.37300,40265766125174789,感觉下巴比20Pro还大,0.7312385434966353
182,31.27400,40265711467102215,土块,0.5
183,146.25800,40264680487780357,宣传片里看不到下巴系列。,-0.5278374784294322
184,146.25800,40264672005849091,这下巴。。。,-0.6761623560182679
185,95.18600,40264639416631299,超级突出摄像头。,0.700646573593664
186,16.91400,40264592313548803,看到俺老猪眼都花了,-0.7352868027024804
187,56.29900,40264097784659973,不环保,-0.748824883190878
188,11.58600,40264074371530755,好！,-0.502332299138829
189,390.59900,40263794261753859,2299太贵 打扰了,-0.904299350187553
190,35.17400,40263674823180295,中中中,-0.5214234867252734
191,76.88900,40263434814095363,当当当呢,0.6577881904741413
192,39.78000,40263131238760455,针不戳,-0.889918145572849
193,398.29700,40262876115501061,2299,0.5
194,154.57700,40262745732415493,LCD永不为奴,-0.6476685249564166
195,4.30900,40261790570381319,lcd砍成pwm调光还是很难受,-0.9944825089438067
196,394.32600,40261330648694789,2299,0.5
197,36.48200,40261250252800007,中,0.5434782608695654
198,22.50000,40260544016416771,能不能做个一字幕这对上课看视频的人一点也不友好,-0.9377328623427896
199,27.57400,40259908518019077,中,0.5434782608695654
200,66.34400,40258895062499333,不环保,-0.748824883190878
201,4.99500,40258451132121091,1,0.5
202,363.38000,40258217129803783,澎湃865,-0.5755185864796883
203,43.01900,40257848732024837,zhong,0.5
204,237.45900,40257440145473541,这不就是ipadpro上面的promotion吗？,-0.9594435813285784
205,403.25000,40255601033871367,预约了,-0.5986188194468388
206,36.51100,40255567142322179,中奖,0.8333333333333333
207,206.26700,40255472723296259,Lcd好,-0.502332299138829
208,8.50600,40255369008119813,中啊,-0.5873917716958617
209,413.26000,40254324361658375,9.9立马买,-0.8295238316550517
210,207.22000,40254204818227203,小米6 镜头不凸出 多好啊,-0.9587120356773329
211,18.86000,40254070271246341,小米2还能再战几年,-0.5958259103913068
212,20.80100,40253205413625859,有内味了,-0.9013657807491575
213,18.70400,40251790480900099,中,0.5434782608695654
214,240.39900,40249098838736903,dsg,0.5
215,230.09900,40249086557290501,大众直呼内行,-0.647668524956415
216,356.17200,40247493861048327,这个马达。跟没有差不多,-0.7776685199288942
217,59.82700,40247298416443397,zhpnh,0.5
218,58.70000,40245831522058247,iQOO5,0.5
219,37.81700,40245661086515207,中奖绝缘体来拉低中奖率,0.649542308247902
220,120.98000,40245501635330053,占数镜头,0.7066710172838561
221,130.07300,40245275593801731,整个镜头模组的设计是谁啊，什么品味,-0.5834714861785667
222,72.63800,40245131551965187,不环保,-0.748824883190878
223,46.14000,40244559860465667,亮黑的很好看 ,0.5436297046300899
224,22.98000,40244438134423557,呃呃呃,-0.7114096681715523
225,31.93900,40244182051717127,弹幕护体,-0.5755185864796883
226,149.87000,40244070116753415,这下巴………我窒息了,-0.91300151388967
227,299.92900,40244048708501511,LCD屏拖影是通病,-0.6562320916665041
228,171.41800,40244048312664069,这样子会不会摔了容易碎？,-0.9549175562864374
229,80.86300,40244015080669187,K30是红米的子品牌了吧。今年出了多少型号了陈,-0.8775892268467472
230,29.37400,40243965531783173,中奖,0.8333333333333333
231,403.08900,40243599890186245,喜欢侧边指纹 如果升降摄像头 真全面屏就好了,0.8283574294572555
232,344.01200,40243550949474309,他说居然,-0.738941588481973
233,373.34000,40243533619658819,米6用户可以换这个了,-0.5070673914711248
234,155.41500,40243509282734087,边框有点,-0.7021984103420065
235,32.38200,40243487711428611,真香,0.8052982110460313
236,124.04800,40243425157578755,p40,0.5
237,59.51300,40243419482685445,太不环保了,-0.9476028787513023
238,53.22500,40242806507700231,这也太不环保了,-0.9699864525563181
239,11.61700,40242643943292935,哇，想要,0.7207465456735118
240,11.27500,40242474050912261,中,0.5434782608695654
241,88.80800,40242464732217351,荣耀30表示没抄袭,-0.8602147691663047
242,74.51600,40242465115996165,不环保,-0.748824883190878
243,63.51500,40242459540717573,一点也不环保,-0.8809611587391022
244,75.12800,40242450681298949,越看越眼熟,0.6830897583660412
245,74.10800,40242447548678151,不是山寨vivo就是p40,-0.8563881649239584
246,72.44800,40242440761245699,越看越眼熟,0.6830897583660412
247,257.51400,40242356464648197,肉眼看见的拖影，垃圾,-0.9985566749645276
248,394.02300,40242343622213637,发热呢,-0.5018061130173999
249,44.45900,40241945012862983,不错,0.9712230215827338
250,151.81600,40241808475684871,闪光灯上面是红外对焦,-0.5847113477014859
251,129.56100,40241796789829637,是个微距镜头,-0.721198683398089
252,48.55400,40241756003893251,特 别 不 环 保,-0.9425353284025916
253,53.69400,40241720413126663,太不环保了,-0.9476028787513023
254,42.86000,40241645438894085,不环保，我喜欢,0.6523623136944885
255,104.69200,40241535038521349,好丑的大摄像头,-0.5570978405350795
256,299.11300,40241431905304579,拖影是因为视频在B站是30桢的,-0.8114954963363871
257,306.35800,40241376075448325,祖传绿,0.5252439690646721
258,62.92000,40241292474580995,这不是vivo吗,-0.7809185750606564
259,36.44000,40241267837239299,今年后面出的都是纪念版,-0.5271653045280604
260,405.51800,40241193008234499,吊打mate40pro,-0.5171350617247285
261,58.09900,40241122684436487,太不环保了,-0.9476028787513023
262,37.94000,40241061832425477,中,0.5434782608695654
263,5.75400,40241044990197767,？？？？,-0.7136565603633456
264,302.77700,40240961280802823,lcd有不拖影的嘛,-0.9766105673604644
265,393.95500,40240857400999941,太香了,-0.5481728998499881
266,143.88100,40240779973099525,这大下巴,0.5690756407883159
267,60.35600,40240669654515779,极不环保,-0.6689878697115115
268,67.97900,40240428142821383,求中一次,0.8604610160908164
269,262.83200,40240386222850117,红字好评,-0.5755185864796883
270,406.73200,40240361811476483,8+128  2299还想要啥？,-0.7051513960829797
271,379.09200,40240343931682821,2299,0.5
272,64.83400,40240339939229701,不环保,-0.748824883190878
273,361.81200,40240334031552519,卧槽,0.5999999999999999
274,350.97200,40240324899504133,香爆了,0.6732672002812423
275,153.39300,40240243682574341,2299还想要啥？,0.657025337490484
276,371.77500,40240098252947463,比我小米10pro跑的高、。。。,-0.9030326433206614
277,355.41100,40240083655196677,游戏机无疑,-0.5755185864796883
278,242.05900,40240024211423235,90够用了,-0.8017493625056101
279,46.54000,40239968767967239,K30pro再次跳水冠军,0.6673509417553359
280,26.68300,40239958355083269,卡0,-0.7439390020284485
281,91.17500,40239852223987715,10tPro,0.5
282,374.25900,40239777503510535,香,0.8333333333333333
283,176.87600,40239765852782595,平面直接贴膜，好帖,-0.8504033509932558
284,9.65900,40239745262419973,香啊,0.7468516815975715
285,120.08500,40239736094720007,是光线传感器，不是装饰品,-0.8688982951877772
286,108.90700,40239729925947395,光线传感器,-0.5755185864796883
287,66.57800,40239668903018499,不环保,-0.748824883190878
288,59.58100,40239663217639429,不环保,-0.748824883190878
289,133.85200,40239626421010435,iphone12pro也有一个遮住的,-0.9326416295434071
290,78.94500,40239590304382983,不环保，但我喜欢,0.6550638359209713
291,126.42000,40239432800927749,5筒,-0.5755185864796883
292,412.65600,40239383764795399,继续酸,0.5813016924331443
293,396.97300,40239375545532423,香死了,-0.7863583517397658
294,68.42400,40239372761038855,不环保,-0.748824883190878
295,403.26300,40239340145082375,学生党买苹果,0.7258043876328782
296,316.53700,40239333364989955,老年机？？？,-0.808571813515866
297,36.96700,40239318309535751,中,0.5434782608695654
298,210.95400,40239277520977925,xswl还在这儿酸,0.59289737362156
299,190.10400,40239254395682823,别酸别躁，OK？,-0.908489732344384
300,386.77000,40239108064280583,有本事你拿货来卖啊,-0.9284617452459478
301,82.14000,40239098631290887,漂亮啊,0.9536881990725281
302,12.82700,40239053172899845,这手机pwm调光怎么说,-0.8859066247302105
303,84.11600,40239045404524551,镜头好看  mix4这样就好了,-0.540915039454083
304,124.13900,40238961792122887,一饼和四桶,-0.6847699951015497
305,303.70600,40238821712330759,低端lcd,-0.8026619814587792
306,128.17700,40238729631105031,5射设计,0.5503595699791721
307,253.61900,40238586056933383,流畅,0.7499999999999999
308,9.22400,40238485126250503,你拿货来卖阿,-0.5054561114028039
309,58.36100,40238296384667655,极为不环保,-0.8016689418205867
310,54.01200,40238294851125255,破坏环境,0.746851681597571
311,40.49200,40238285937704967,下车,0.5
312,226.41100,40238280881471491,666,0.5
313,6.62900,40238271007031301,不愧是你！快男！！！,-0.6055574207102987
314,107.53100,40238181453922309,一四筒,-0.7026859414553853
315,413.53200,40238158677803011,准备买个给家人用,0.8307586424978444
316,415.57600,40238139035877379,真的要给我买？,0.6617893689256942
317,361.65100,40238132539949063,华为已经死了，还出来秀,-0.7368063002883085
318,157.20600,40238130019172355,2000多块还吐槽下巴，那你去买米10啊,-0.9792048758700369
319,129.62900,40238070676586501,接近半斤,0.5252439690646721
320,73.43400,40238041498386435,不环保,-0.748824883190878
321,54.41500,40238016394952707,现在国产手机都送手机壳，手机壳老板表示淦！,-0.9677656939274072
322,4.61500,40237952359464967,刘青云？,-0.5755185864796883
323,103.53000,40237876966850565,10T,0.5
324,62.53800,40237603196239877,不环保,-0.748824883190878
325,374.00600,40237506458812423,雷兔兔罢了,-0.5795982853527288
326,85.69800,40237382599442435,抄p40，，，,-0.8711045501159024
327,48.17000,40237362527076357,中,0.5434782608695654
328,35.50400,40237315511025667,中,0.5434782608695654
329,107.52100,40237265514921987,传感器啊哥哥,-0.6140160733609882
330,33.43000,40237252998594567,撒花,0.7892319605521981
331,388.32900,40237184371916807,2299大部分人都买不到,-0.717144626282814
332,80.20800,40237151333908483,挖空?,-0.5755185864796883
333,419.27200,40236833473298439,哪里打雷？,0.7952092165956406
334,230.14200,40236669784293381,库克，进来抄！,-0.808571813515866
335,89.37600,40236603225931781,不环保,-0.748824883190878
336,84.60600,40236455510933511,好看,0.8647342995169082
337,19.42000,40236405625978887,终于可以给父母的旧手机换掉了,-0.5779503451506856
338,383.99700,40236397685112835,2299,0.5
339,30.01700,40236299097997315,中,0.5434782608695654
340,33.26000,40236264779153415,ccc,0.5
341,145.55700,40236246389751813,米8很熟悉的下巴,0.8153165137666313
342,89.72100,40236156869672963,哈哈哈哈哈哈,0.5930223418946834
343,87.01300,40236150923722755,vivo手机,0.5182146679523997
344,18.86000,40236080096083975,挺好看的啊,0.8197108965067428
345,87.53800,40236067655778309,磨砂的可以,-0.6368431790653333
346,333.95100,40235994286391301,电子垃圾我买来干嘛,-0.9970503807941686
347,52.57600,40235952902766595,不环保,-0.748824883190878
348,80.24000,40235175454965767,太不环保了！！！！！,-0.9880747502821131
349,41.46800,40235107509338117,当当,0.6666666666666666
350,393.80000,40235103468650503,抢不到,-0.6959598765023898
351,104.18300,40235033568477189,vivo,0.5
352,69.74000,40234980667817991,小米：那下次只有手机和充电线了,-0.9399067739023135
353,19.51900,40234767406333959,k30student,0.5
354,63.16700,40234739724976135,小米也太不环保了吧  狗头保命,-0.9892828146970107
355,353.94000,40234729598353413,苹果没有,0.8168131014358416
356,317.50200,40234702946172931,小米牛,0.5602410503026631
357,275.00700,40234447103066119,一分钱一分货,-0.5446905990534143
358,76.74000,40234387194249221,有点像p40的银灰色，好看,-0.6404384153410614
359,244.61900,40234278403440645,Lsp了,-0.748920020413591
360,25.50700,40234232596398083,中！,-0.532466732875227
361,414.84200,40234184097660933,明年双十一1299,-0.8802817507203541
362,181.10800,40234169166462981,mate20能卖2299》？？？,0.5439756889788704
363,163.52400,40234159988801543,lcd下巴本来就大，文盲,-0.5291336039497245
364,4.15900,40234093177208837,快男,0.5
365,9.45000,40233960524480517,吊打11的lcd,-0.7470308263375044
366,66.63000,40233936553508867,不环保,-0.748824883190878
367,79.04300,40233923113385987,一筒加四筒,-0.7740383263477133
368,110.69900,40233872261120007,天九？,-0.5755185864796883
369,30.94500,40233767870660611,凹戳儿,-0.6232688330350888
370,75.60900,40233749977235461,不环保,-0.748824883190878
371,162.11000,40233747196411911,侧键指纹,0.5210726534812478
372,149.65200,40233726811045895,这下巴大的,-0.6063004556414754
373,268.56400,40233719787683845,看电子书用144更流畅,0.8374568218153714
374,67.13900,40233530982137861,小泽：不环保可以不买！！！！！,-0.9767468542899013
375,97.86400,40233489084710915,果粉气抖冷,-0.9452188444080475
376,74.58000,40233351782596615,这不环保,-0.8332006616827632
377,117.17900,40233299747012613,还不如单摄，这是硬凑成麻将,-0.9536575188882848
378,15.63900,40233085645619205,好看,0.8647342995169082
379,168.85100,40233038343307267,没双扬声器,-0.5892753306418368
380,380.96600,40232959392874501,挖孔不买！,-0.7278840390215705
381,10.54800,40232822722527239,我进都没进去,-0.5957261065257891
382,368.13300,40232806863863811,屏幕机器拉胯,-0.7546125902722248
383,50.94000,40232780735971335,一点都不环保,-0.923325022560441
384,218.03800,40232707610378247,还是很拉胯,0.565186787801859
385,126.82000,40232689342087171,激光雷达不止这个价了,-0.9179852154234853
386,91.33500,40232641114406915,防IQOO5,-0.5755185864796875
387,72.61000,40232631294492679,不环保，极其不环保,-0.9779267145041589
388,13.97900,40232475238596613,学生党的梦想机。,0.7811791433553587
389,119.30400,40232307158679559,小米公司果然没有外观设计部门,-0.7814443620408449
390,34.06000,40232288369246213,k30pro+s至尊奢华纪念版,-0.714202029783224
391,41.42400,40232093631381511,战术当当,0.5959802767398612
392,34.96900,40232085005795333,月光人（yin）,-0.8854014298763873
393,324.57000,40231991942578181,米10pro长舒一口气,0.8631473408547362
394,18.36200,40231845220581379,慢男,-0.5746443003689639
395,62.61500,40231795084492807,不环保！,-0.8016689418205867
396,405.70800,40231666939592711,每年的顶级处理器一般可以用三年，一年一换也夸张了,-0.9516293197513226
397,354.90000,40231551000117255,小米掌握核心科技,0.6161135441934081
398,157.60800,40231520300433411,2000块的骁龙865，可以了,-0.9724899872811582
399,229.20700,40231519288557575,拖影的厉害,-0.6903987767793516
400,103.15800,40231501571293191,丑的一比,0.5910658994785872
401,37.95600,40231456397066247,不环保,-0.748824883190878
402,416.56100,40231445468282887,我买这个准备用三年,-0.6664478740643269
403,396.97500,40231435182276611,双十一减300,-0.7861636186484144
404,164.63700,40231260593324037,不应该是好贴膜？,-0.8898296200145462
405,130.84600,40231160137646087,p40..,-0.6476685249564166
406,116.97200,40231152920821767,P40,0.5
407,198.54000,40230802721079299,挖孔➕侧面指纹把我劝退了还没耳机孔买的话还是k30 pro吧,-0.9145771404636696
408,34.50700,40230776031674375,？？？？？？？？？？？抽奖？,-0.974737315822355
409,66.21800,40230356361150467,不环保,-0.748824883190878
410,360.98000,40230279060127751,md，这GPU还超频过，我k30pro58万分，,-0.9137059449012264
411,94.78000,40230245696536581,五筒,0.5514231139596184
412,161.26900,40230202077347845,这个屏幕好像这个下巴正常,0.6132307049555319
413,161.29900,40230119871610883,贴膜没白边,-0.5892753306418386
414,281.64200,40230111665979397,这个价格，没有多说的了,-0.9402694936859457
415,50.38000,40230055623262215,不环保,-0.748824883190878
416,16.46000,40230000998219783,一加8t用户哭了,-0.7404479171386275
417,73.76900,40229841566957575,中,0.5434782608695654
418,74.84200,40229340791177221,不环保,-0.748824883190878
419,16.35300,40229332140949509,中哦哦课,0.5643152113659964
420,230.26100,40229055465783303,90够了的那你就开90,-0.944481961090554
421,167.57000,40229027121201159,k30u香了起来,-0.5045302225841436
422,301.37300,40229013285240839,视频没有那么高刷新率。。。无知啊,-0.990293230988318
423,305.14800,40229005592887301,巨短？？？？,-0.6469651805464596
424,247.65900,40228975445803011,？？？？？？？？？？？,-0.954524215397116
425,56.46600,40228968242085893,不环保,-0.748824883190878
426,188.44600,40228967459848197,2299,0.5
427,147.79200,40228950926426119,国外销量占50%谁说卖不动？,0.720285592803237
428,412.59600,40228939097440263,一个月后断货,-0.5068622771814999
429,13.05000,40228764984541191,大家好，他是钟文泽,0.5921699954141102
430,290.54400,40228027868643335,拖影。。。,-0.6925670636323122
431,237.46200,40228000043106309,猴子永远滴神,0.7853299689925484
432,78.09100,40227999245664259,快男,0.5
433,80.03300,40227951102394375,没有我们苹果环保,0.7819752367269643
434,59.51000,40227902312677381,不环保！,-0.8016689418205867
435,104.61900,40227899406548997,这个是光线传感器，用来调节自动亮度的,-0.9666792285307869
436,34.37000,40227750121308167,牛啊,0.5047490700735954
437,104.44000,40227623460143107,光线传感器,-0.5755185864796883
438,206.02700,40227578782941189,OLED在烧屏方面的确完爆LCD,0.9499958061391967
439,380.95000,40227344481779717,2299,0.5
440,69.37700,40227043535224835,太不环保了！,-0.9608149736361004
441,58.86400,40227038046978053,不环保,-0.748824883190878
442,225.80500,40226875502493703,手拿K30U  512依然香爆,0.8706100008967358
443,399.57000,40226846326390791,挖偶！！！！,-0.8253160663383247
444,60.05500,40226743018061829,不环保,-0.748824883190878
445,34.84600,40226727664287747,爱撕机模人,0.5618022830653123
446,178.57600,40226404178067459,2000多的价格让我根本看不到下巴,-0.7450726540985252
447,40.27000,40226300399452165,快充差评,-0.6657109021966888
448,87.13600,40226263346970631,好厚啊,-0.7195723317054005
449,71.24300,40225910832496647,不环保,-0.748824883190878
450,410.15000,40225559113891845,等等党牛逼！！！,-0.9658936219392714
451,36.12700,40225556900347907,长得好像刘青云啊  真是天道有轮回,-0.9786503354936406
452,156.20100,40225528948457477,边缘好像有点背光不均,-0.7090221726254108
453,65.20700,40225458792431621,太不环保了,-0.9476028787513023
454,417.98900,40225338782908419,就是学生机，打游戏的,-0.8227851163719225
455,171.93200,40225258793861125,小米系统是不是还是有广告？,-0.9356796086484602
456,414.53100,40225221290491907,新的游戏机,0.6910188281035244
457,409.27700,40225214980161543,新的游戏机,0.6910188281035244
458,241.68900,40225153049690115,我的小橙子,-0.5216193461160509
459,181.33100,40224955738095619,LCD永不为奴！,-0.7136565603633456
460,39.93900,40224932700356611,牛逼啊  就是抢不到啊,-0.9893697630606947
461,211.29600,40224721526063109,lcd可以,0.5369772967259947
462,152.64000,40224685374308359,这大巴子,-0.6023020803826238
463,62.79400,40224638224039941,这很不环保,-0.8308290320966598
464,70.45000,40224550580387845,不环保,-0.748824883190878
465,11.10000,40224487628603395,中奖,0.8333333333333333
466,406.76900,40224450597093379,真香,0.8052982110460313
467,178.42700,40224409693716487,LCD！,-0.5755185864796883
468,149.14800,40224389083955203,LCD！,-0.5755185864796883
469,28.18000,40224372015235077,中奖,0.8333333333333333
470,252.17700,40224366133248007,永不为奴,-0.5755185864796883
471,104.40400,40224363576819715,真丑,0.6232704141038741
472,401.27500,40224347235287043,恶臭！我买荣耀X10不香？,-0.6884235291496804
473,152.84200,40224312058707975,永不为奴,-0.5755185864796883
474,30.91600,40224240521183235,十周年！！！,-0.7136565603633456
475,14.45900,40224120087511045,这个就是变态,-0.9927516591877699
476,142.29100,40224091030945797,这个颜色可以的,0.6140064233450998
477,343.54700,40223986859114501,挺好看的,0.8851303458948079
478,137.08000,40223984219324421,劳斯莱斯？,-0.5755185864796883
479,74.85300,40223830793256963,不环保，哈哈,-0.754438170536204
480,49.86000,40223822367424517,好,0.5732378854625548
481,180.37200,40223701413134339,下把可以停双航母,-0.5665616847174342
482,226.29200,40223690378969091,在这bb lcd的大部分都看不出来有啥区别,-0.9664845823872831
483,140.60700,40223666866225155,下把跑双航母,-0.8234569179194509
484,200.56100,40223635075497991,这个配置这个价格居然还有人纠结下巴？,-0.7404115398505124
485,261.08100,40223399351418885,注嘴！这不应该是动态模糊么？（狗头）,-0.9950237503235464
486,222.00700,40223369402515463,库克：哇呜！额买任嗯……,-0.5113200872852482
487,354.72900,40223307167956999,dddddd,0.5
488,236.06000,40223145613328389,可惜是lcd屏幕,-0.9949307899905163
489,348.28800,40222898881298439,小米10,-0.5755185864796883
490,66.25800,40222799237742599,中奖,0.8333333333333333
491,43.33100,40222793184837637,中,0.5434782608695654
492,49.88000,40222784477462535,不环保,-0.748824883190878
493,128.09600,40222783439372295,5丙,-0.5755185864796883
494,47.42200,40222779811299331,不环保,-0.748824883190878
495,90.04900,40222763454562309,不就是国风雅灰啊,-0.6154094916804277
496,70.86400,40222753392951301,太不环保了,-0.9476028787513023
497,98.49800,40222615086301187,多重呀,-0.5755185864796883
498,370.94500,40222606179172359,你们为什么都在意下巴而不是挖空  明显挖空更恶心把  像个苍蝇一样,-0.9997403332888477
499,79.38000,40222605092323335,告诉我重量,-0.5529524264675352
500,401.22000,40222561305886727,续航牛掰,-0.6803563842879844
501,358.38100,40222454290317317,mate40pro同款,-0.5755185864796883
502,181.37000,40222386634096647,侧边指纹 算了算了,-0.9249072592602723
503,68.54000,40222321011589125,太不环保了,-0.9476028787513023
504,145.32700,40222274845409285,这下巴太大了,-0.8212219450364712
505,227.73700,40222225820286979,144和90还是有区别的,-0.9083870663471467
506,248.47500,40222194039521285,摄影师懂啊！,-0.7882821668618782
507,20.51800,40222182057967619,拉低中奖率,-0.5755185864796883
508,43.70700,40222148645093383,？？？？？？？,-0.8613346729761379
509,4.07300,40222120330919941,快男,0.5
510,204.19900,40222109889200135,lcd就算了,-0.8291458100761772
511,153.74000,40222071499259909,丑爆了,-0.5481728998499881
512,89.87900,40222046651154439,iqoo5：？？？？？？？？,-0.9393249971918912
513,381.82300,40221951799590919,耍nm,-0.6193345901943053
514,262.84200,40221888783319043,拖影拉跨,-0.7136565603633441
515,402.35900,40221880602329093,原价买得到吗？,0.7350570037425188
516,8.49900,40221869892173829,中,0.5434782608695654
517,50.82000,40221863800471555,不环保,-0.748824883190878
518,193.65000,40221849405095939,mate20比这窄多了,-0.7716526240753536
519,147.23000,40221824532873219,下巴停航母,0.6851384150371497
520,207.33900,40221824331022339,oled比lcd蓝光少，但是有频闪,-0.9545184212398625
521,9.16200,40221762902818819,快男,0.5
522,396.97400,40221604123246595,买pihone12？何不食肉糜,-0.6874119034151948
523,368.21200,40221544800059399,米八是Z轴,0.5364870976702085
524,16.86000,40221535285805063,快男,0.5
525,8.19200,40221504191332357,种,0.875
526,286.96900,40221432549474311,拖影明显,-0.6050340192646055
527,232.51600,40221175979180035,看起来蛮好的啊,0.9129997675488754
528,75.16600,40221103774236679,3.3卢,-0.7136565603633456
529,388.66800,40221055477874695,真香,0.8052982110460313
530,130.82000,40220856223793157,冰霜银,0.720785173787058
531,56.98100,40220815097593859,硬是没抢到,-0.7415648116854056
532,41.68900,40220807073366023,我要中奖啦  小泽泽,0.6204702208006538
533,78.17000,40220777612574723,这不是P40的冰霜银,-0.7374072896895052
534,236.91200,40220724561444871,p40周冬雨屏 什么价？,0.6213484433351818
535,236.06000,40220720755638279,p40周冬雨屏 什么价？,0.6213484433351818
536,234.43000,40220718338146311,p40周冬雨屏 什么价？,0.6213484433351818
537,232.98600,40220714887806981,p40周冬雨屏 什么价？,0.6213484433351818
538,231.62100,40220711779827719,p40周冬雨屏 什么价？,0.6213484433351818
539,152.74100,40220642787196933,没钱的学生党可以冲,-0.8138008066969649
540,377.55200,40220602979581959,这么高,0.5278184725208541
541,246.92600,40220556731088899,其实我觉得太流畅了反倒控制不住,0.57466070935953
542,184.16700,40220501255651331,我只关心打游戏怎么样,0.9816383874584026
543,287.08400,40220310457810949,禹司凤！！！！！！,-0.7405697739565179
544,304.63900,40220310319398919,这模组不是跟vivo的一模一样,-0.9210115580976309
545,159.70900,40219971967516679,再见,0.5151515151515148
546,368.84600,40219951669706759,lcd的打孔发黑看来是搞不定了,-0.9827893416596536
547,17.72900,40219903634964487,红米k30u哭晕在厕所,-0.6789229738107462
548,399.12700,40219847193788419,早安打工人,-0.810936140032968
549,353.39100,40219829308751875,华为mate40pro同款马达，不过不如小米10,-0.8694642324484096
550,27.00000,40219721077358597,中奖,0.8333333333333333
551,387.46700,40219700968292357,2299无敌了,-0.6690998839626017
552,268.15600,40219638416539651,录像问题吧,0.7237335507878487
553,50.18200,40219618034843653,快男,0.5
554,174.70400,40219560426602501,LCD只能这下巴啊,-0.8328499586035162
555,166.17200,40219555940270083,LCD只能这下巴,-0.7461938796520057
556,92.95000,40219517561864197,太好看了吧,0.5022105078445901
557,81.94100,40219511791026181,好看,0.8647342995169082
558,62.29300,40219493489704963,不环保,-0.748824883190878
559,10.22900,40219090018107397,快男,0.5
560,190.14100,40219048021590021,MI无边框永远的神,-0.9037719626015579
561,282.58000,40219000437735431,Lcd屏有拖影，正常,-0.8478976439384825
562,188.23300,40218898100912133,左上角那个挖孔 永远的瑕疵，想买但是有挖孔吧。。。。uyy,-0.9762411514396551
563,387.03800,40218789208391685,跑分党,-0.6703720829283477
564,69.51600,40218704719380547,屏蔽了环保之后弹幕清净多了,-0.9572798377371591
565,142.66500,40218678529097733,三真两假摄像头,0.6009367825497753
566,11.81300,40218395597602819,咋中,-0.5783862276704054
567,379.66500,40218383702556679,总有人想用三千块买万元及,-0.9736569159051942
568,302.40200,40218292560855043,ND米10Pro没有,0.6518622723969056
569,219.49000,40218249098952707,2299你想咋的？？下吧大了去买MI10UITra啊 喷你吗？,-0.9948671074313271
570,84.68600,40218178355200005,那个说屏幕拉垮的云评测尼玛？？？,-0.999333764162394
571,396.24000,40218063697608707,1999交个朋友,0.777630873824127
572,364.44400,40218043718565891,小米牛逼,-0.7883529503644379
573,168.53400,40218021439471619,大下巴有点吓人,-0.9680930791403359
574,122.68400,40217979852947463,微距，没有景深，景深那就真的是战术镜头了,-0.9698588298042268
575,107.10000,40217962844520455,扎古男人开的机甲,-0.9389265614949683
576,36.14100,40217925603819527,带无线充电不,-0.8680106729214057
577,27.45900,40217912607768579,中,0.5434782608695654
578,80.29700,40217859497918467,不能撕！！！不然没法上网！！！,-0.8838937703692656
579,25.06100,40217846149545989,能中,0.7063762120309977
580,411.17400,40217840520265733,拉跨845还能在战一年吗？,-0.6042360884532201
581,350.88100,40217833354821637,Mate40pro同款，那岩说的,-0.8452877524082566
582,72.70900,40217825032798215,极其不环保,-0.889918145572849
583,240.90200,40217747764805639,海啸机,-0.6289107732840395
584,202.40200,40217727834521603,黑色壁纸无视下巴,-0.9726143052148762
585,8.52000,40217691543306245,中！,-0.532466732875227
586,103.90100,40217676524552199,激光,0.5
587,300.27200,40217672524234755,你可以嘲讽lcd拖影，我也可以嘲讽oled烧屏,-0.7982120142501528
588,85.12700,40217632173981701,镜头不好看,0.6126400509452798
589,406.73700,40217557551022085,2299  已经抢到   哈哈哈哈,-0.8567177541484537
590,383.57800,40217545407463429,2299,0.5
591,89.46000,40217510813892613,又来模仿p40,-0.6365360798049399
592,293.31000,40217428396343301,这不就是 free sync  做到手机上了 牛逼,-0.9944663733168569
593,22.82000,40217425276829701,中奖,0.8333333333333333
594,61.51000,40217281544323077,不环保,-0.748824883190878
595,34.11600,40217270976774151,1,0.5
596,178.93300,40217255910309893,说除了865全是垃圾做工的，机器你都没见你就先黑开了？脑子是个好东西，可惜啊,-0.9999999988142998
597,51.68200,40217214752129031,开车不解释,-0.8761399863675469
598,68.64000,40217200853254147,不环保不,-0.8988679969367234
599,138.20600,40217178447282179,激 光 雷 达,0.7380351388457203
600,9.18800,40217169648680965,中中中,-0.5214234867252734
601,220.34200,40217164424675333,Oled烧屏,0.6200606548506866
602,234.22100,40217147457667077,7dct,0.5
603,69.91300,40217134101430279,差评差评差评,-0.6476685249564166
604,348.96900,40217009954226179,mate40pro同款线性马达 ,-0.7716432466844814
605,119.42300,40217006666940421,中华麻将，博大精深,-0.5547947292870129
606,54.48900,40216988880470023,不环保,-0.748824883190878
607,166.76400,40216883551535107,LCD下巴做不小,0.7938929914889711
608,420.26800,40216818559746053,865用三年没问题,-0.7833059075385308
609,176.59800,40216814579351555,这个恶臭，还是某为机皇畅享20Pro厉害,-0.934914939400087
610,379.54800,40216791792746503,2299,0.5
611,249.53500,40216734304567301,估计苹果也是这种方式上高刷,0.9022045146775459
612,218.79600,40216703846055943,海啸来了,-0.7635172918729383
613,176.66000,40216686071644167,2299真的没什么好喷的了,-0.9247734903621101
614,209.59900,40216619979374599,LCD只配为奴,0.5007702047486963
615,365.42000,40216503100899335,钉子户新机,-0.5755185864796883
616,109.90300,40216136425406471,光线传感器,-0.5755185864796883
617,380.43000,40216092059107331,雷饥饿,-0.6703720829283485
618,6.58800,40216009616392197,学生 送 懂？,-0.8214073098381166
619,156.45900,40215925021999111,LCD永不为奴！,-0.7136565603633456
620,61.72600,40215788762693637,K30S PRO MAX U,-0.8613346729761379
621,141.54600,40215774959763459,这个下巴....,-0.717820716552581
622,395.55600,40215647927402503,米6用了三年多了，有些场景虽不流畅，但依旧不卡。华为36个月不卡喊出来了。别再说安卓机卡了,-0.999997439868844
623,384.71600,40215580305784837,835的米6，还能再战三年，865你竟然说一年一换,-0.9970492503462863
624,49.30000,40215429216993285,不环保,-0.748824883190878
625,254.23300,40215390127128581,前面 异味 你 站住！！！,-0.9003063607855891
626,190.00400,40215309792051203,LCD和LED屏各有优劣,-0.9688065777133287
627,190.00400,40215286019260423,提到LCD就告辞的，是不是感觉自己好懂哦,-0.9603587717793188
628,38.11800,40215163152367623,10P也哭了,-0.8228523373107484
629,126.34900,40215111593361415,后面要屁的光感,-0.5864245299988871
630,107.90100,40215088209068037,至尊？,0.8022385956267841
631,101.04400,40215081866231813,这就是小米10t啊,-0.888388543399294
632,384.62500,40215063788781573,学生党：你瞧谁不起,-0.8344068090213838
633,103.31400,40215027534790661,666,0.5
634,384.59000,40214906716291079,安兔兔是自己人～,-0.6776983109686036
635,410.03000,40214649161383941,抢到了月光银,-0.8245547609548326
636,84.35100,40214299300855811,不环保,-0.748824883190878
637,247.30000,40214119627358213,lsp,0.5
638,99.88600,40213433044434951,vivo我短裤没了,-0.7267262566906015
639,352.42000,40213427946782727,和p40Pro同款马达,-0.7136565603633456
640,64.80000,40213361358536711,屏蔽掉不环保舒服多了 弹幕一群神经,-0.9993206596175414
641,127.38000,40213303050895363,光线传感器,-0.5755185864796883
642,325.74700,40213164375146503,1599,0.5
643,35.15700,40213125814812679,中中中,-0.5214234867252734
644,219.27000,40213110695919621,lcd好评,-0.5755185864796883
645,133.96500,40213063787347975,华为？,0.746851681597571
646,207.78000,40212896637517827,下巴感人,0.950437751029233
647,243.10200,40212798604574723,小橙子啊啊啊啊啊,-0.7040564674778195
648,47.73900,40212461959249923,发布三个月了没现货，又来个至尊版。不还是没货,-0.9864494953390626
649,139.87500,40212346685095943,不说边框,-0.6438434845853457
650,11.51200,40211875969892359,中,0.5434782608695654
651,9.78000,40211544077762563,中,0.5434782608695654
652,92.17900,40211533096550405,好看,0.8647342995169082
653,1.38000,40211530035232771,中中,0.5110740564172155
654,371.85000,40211351097311237,这波施是清865库存,0.6098690796981736
655,391.08400,40211287458185221,2299交个朋友  真得牛批,-0.5588462537946841
656,9.44900,40211181662109703,英文泽,-0.5148158727647254
657,118.49200,40210973213589507,四真一假,-0.6474804774602733
658,65.99200,40210945719402501,不环保,-0.748824883190878
659,306.60000,40209570845425667,切换有这么顺滑吗,-0.9516275338532493
660,4.62000,40209518669856775,速男,0.6248310262615213
661,409.14300,40208707425402883,打工人专用手机,0.7543592065546502
662,32.62800,40207611310637061,中奖,0.8333333333333333
663,69.09100,40206645094514693,不环保,-0.748824883190878
664,155.99800,40206624546095107,2299没有下巴,0.5806646968719619
665,337.19100,40206576546480131,还拖影呢，你这是看视频，不是看真机。,-0.9027781537640807
666,59.23800,40206567029080069,带着那个膜不是像蓝色吗,0.7160022151962759
667,215.67900,40206512833953795,说完爆LCD的真的懂吗,-0.9085133765765029
668,158.88900,40206264005820423,一款比一款丑,0.5411646133733992
669,8.02100,40206024305016837,快男,0.5
670,13.89900,40204882727141383,坚果r2你忘了？,-0.9548865117938038
671,120.84900,40204474004275203,cfffgg,0.5
672,376.14200,40204196577804291,香？就是买不到罢了,-0.5431505066178893
673,187.81800,40204155674951685,"两千多就可以降到lcd,就可以下巴停航母？  ",-0.8123193704213151
674,72.38700,40204136316665863,太不环保了,-0.9476028787513023
675,144.81000,40204119079124997,下巴停航母,0.6851384150371497
676,86.95400,40204084898168835,X50？,-0.5755185864796883
677,162.80200,40203983789228035,边框下去了你钱包也下去了,-0.9824909203250418
678,92.14100,40203939718103043,就是国行版小米10T,-0.7916852501276971
679,386.50600,40203305687711747,告辞,0.5
680,422.57100,40203248747413509,忍忍等下年875，小米9流畅,0.6581902001982453
681,163.94600,40203112631762951,这下巴低端机的视觉感,-0.9409116341430248
682,89.54200,40202703664578565,铛铛铛,-0.6476685249564166
683,174.34000,40202701543309315,一堆拿OLED 屏幕跟LCD比下巴的也是够了,-0.9179108766204758
684,78.45400,40202692848517125,铛铛,-0.5755185864796883
685,63.37100,40202614863822853,不环保,-0.748824883190878
686,53.46300,40202609643487239,不环保,-0.748824883190878
687,398.05400,40202498012610567,2099,0.5
688,269.20400,40202328466784263,开垂直同步呗,-0.6008984969231126
689,68.84900,40202280092303363,不环保,-0.748824883190878
690,208.34700,40202272806797319,16度？广东我现在还在穿T恤,0.9652563625021499
691,59.54000,40202032737943555,不环保,-0.748824883190878
692,52.45700,40202024189952003,不环保,-0.748824883190878
693,396.93100,40201938272256003,2299,0.5
694,17.14400,40201792634486789,有本事拿货来卖啊,-0.8913633055404562
695,93.85000,40201751289135109,10T,0.5
696,44.01200,40201688306417671,盒子太大，不环保！,-0.8722748767641784
697,311.08600,40201602031681541,自动挡变速箱,0.6445496313352607
698,364.18600,40201575200194565,这跑分就离谱,-0.9330215501310061
699,396.54400,40201541223710723,2299,0.5
700,266.27300,40201477207621635,说拖影的我笑了。,-0.9769396817378082
701,319.92100,40201407264456707,很像荣耀30,-0.559471252146073
702,352.46400,40201400516870151,有什么用...垃圾X轴,-0.9996761696484278
703,224.60800,40201335644094467,有什么用啊?你安卓有什么软件能144? 就那么一两个游戏``,-0.9716194363283246
704,189.84800,40201317403066373,电子垃圾~~3个月就有875,-0.9995419059028517
705,129.92200,40201300246265859,看着像荣耀30的太空银,-0.5320733925931556
706,219.17900,40201276460367875,采样率也144,-0.7967938448920749
707,24.93900,40201256594571271,中奖,0.8333333333333333
708,422.50000,40201186705408005,正好我弟生日,0.875052494894764
709,376.71600,40201159976681475,凌晨1点30分你还在啊,0.7463034241143156
710,5.22000,40201140968095751,快男,0.5
711,261.26000,40201114468483075,模拟电影胶片啊,0.5891103804866734
712,20.03000,40201016770560005,lcd永不为奴,-0.6476685249564166
713,83.45400,40200955791147013,五桶,0.5514231139596184
714,12.13900,40200955066056711,屏幕差点儿意思。,-0.6871687924871496
715,417.65900,40200936988606469,这个手机无敌,0.5882721063593426
716,129.88600,40200547125952515,模具设计狗告诉你，那是为了省模具，留给以后出究极杯增加摄像头用的,-0.8675894391077402
717,13.13200,40200478824333317,哦哦哦中,0.5286322886029545
718,80.01000,40200445644242951,哇偶,0.6856729215652899
719,18.82500,40200423526105095,中！！！,-0.6767457587771053
720,77.45800,40200360892039173,真的像荣耀30,-0.5852019988635021
721,102.80300,40200299544051717,独眼龙,0.5
722,8.39000,40200296544600067,快男,0.5
723,252.20100,40200244718731269,鬼啊,-0.6289107732840395
724,162.43400,40200196905762819,平面好贴膜，当工具机随便磨不心疼。,-0.9992366267277821
725,410.46200,40200187018215429,小米10想换,-0.7029488275462168
726,77.80100,40200148543340551,是不环保,-0.8347815640082723
727,7.61700,40200068033150983,快男,0.5
728,112.08400,40200015693479943,凑数三摄,0.613401925539181
729,20.94000,40200014692089861,…,0.5
730,378.68700,40200012675153927,1111卖2299,0.6660728908451233
731,69.78000,40200009152987143,这个给穷学生和小青年用真的合适,-0.577322876046557
732,7.19300,40199981349470215,慢男,-0.5746443003689639
733,352.40400,40199960054464515,有无线充电吗,-0.9614243636871364
734,28.70000,40199879152631815,中,0.5434782608695654
735,73.57500,40199870825365509,不谎报,-0.748824883190878
736,117.60500,40199636673101829,P40VIVO直呼内行,-0.6476685249564166
737,158.47000,40199628787286021,学生买手机有的吹就行,-0.9378422706954056
738,110.36100,40199615882985477,友商的设计就是最好的设计,0.7334308914747387
739,329.12900,40199607487561735,扯蛋，长焦镜头是摆设？p40pro5倍以上就换长焦了,-0.9977490210773593
740,98.58400,40199605816131591,不环保,-0.748824883190878
741,87.49400,40199485255581703,中,0.5434782608695654
742,346.85700,40199459323248647,居然。？？？？？？很贵吗,-0.976178563209115
743,15.57900,40199430275072005,慢男,-0.5746443003689639
744,34.55700,40199397311512583,这么多产品线,-0.5755185864796883
745,210.23800,40199383188766725,因为你只看到洗。这么多人喷视而不见,-0.6610477220955336
746,266.99400,40199362571665411,各位还不睡呀,0.68771842184368
747,355.20700,40199359012798467,mate40 pro同款马达,-0.7716432466844814
748,148.69600,40199290409189381,下巴感人,0.950437751029233
749,383.42200,40199255992827907,拖影严重,-0.9800078513251671
750,102.16000,40199235438641155,iq5？,-0.5755185864796883
751,48.35200,40199233325236227,性价比之王,-0.6203475299241866
752,110.63600,40199222437871623,那是光线传感器,-0.6476685249564166
753,293.26100,40199208777023493,拖影,0.5252439690646729
754,74.89600,40199198511988739,这很不环保,-0.8308290320966598
755,90.43100,40199195077902341,针不戳,-0.889918145572849
756,101.37000,40199170735734791,vivo华为直呼内行,0.6161135441934065
757,84.73000,40199151440887813,p40直呼内行,-0.6476685249564166
758,34.25500,40199114785816583,我先来，这部环保,-0.8702249344431312
759,3.06000,40199070098653191,快男,0.5
760,14.59900,40199060125646855,中,0.5434782608695654
761,55.61400,40199017315958787,不环保,-0.748824883190878
762,408.88500,40198997048033287,拍照不行,-0.9941803887882142
763,177.34500,40198985548824579,为什么要学别人一条白线,-0.5762286295625423
764,158.53300,40198975196758019,下巴绝了,0.5973644298224616
765,39.49200,40198970877149187,同款表带,-0.5755185864796883
766,132.34000,40198929592614917,这年头摄像头不多都不敢拿出手,-0.9682516691370869
767,113.66000,40198906926596103,战术镜头,-0.5755185864796883
768,72.65200,40198898414256135,不环保,-0.748824883190878
769,29.14000,40198854094094343,和魅族16系列有一拼,-0.9539284315155647
770,135.91300,40198851069476867,这微距不是长焦微距,-0.8285564236757601
771,13.85900,40198838170943495,K30被玩坏了,-0.8909329570405469
772,39.98100,40198823592591367,干翻华为,0.8637877215247968
773,88.28700,40198775634395141,好看,0.8647342995169082
774,135.62800,40198755618652167,还不如两摄来的漂亮,0.8641515800084486
775,22.18000,40198749683187715,你又快男了,-0.9184386469892928
776,112.09400,40198734798127111,战术镜头可还行,-0.8053025351556857
777,13.11100,40198701069631495,mtk吗,-0.5755185864796883
778,88.81000,40198700717309959,别人的设计就是最好的设计,0.7203360956054206
779,78.73900,40198552244715527,lcd+价位=我看不到下巴,-0.7914921606946134
780,11.81000,40198507769364487,6s钉子户表示动摇,-0.7440946491122046
781,7.96100,40198506878599175,lp,0.5
782,400.68400,40198493751476229,垃圾,-0.9947643979057591
783,59.19100,40198429426581507,极其极其不环保,-0.9563723312259776
784,31.23500,40198426913669125,生日抽奖试试看，看有没有惊喜,0.9758217839760823
785,146.34000,40198423647879171,下巴感人,0.950437751029233
786,33.19200,40198402727739395,giao！！！,-0.7136565603633456
787,20.83300,40198400888537095,丑丑丑,0.815681115876488
788,11.78200,40198396137439235,丑死了,-0.748920020413591
789,69.10500,40198259332874245,不环保,-0.748824883190878
790,126.68000,40198258405408775,激光传感器？,-0.6476685249564166
791,75.79600,40198252703776775,挺好看的呀,0.8503735121341596
792,67.00700,40198245536759813,不环保,-0.748824883190878
793,80.74000,40198222263615493,环保的,-0.6703720829283485
794,13.98000,40198215511834627,热乎,0.7499999999999999
795,54.21100,40198207511199751,不环保,-0.748824883190878
796,98.79800,40198207549472775,好,0.5732378854625548
797,69.66000,40198187635441667,看见这下巴，我觉得不行   看见这价格，下巴?有下巴吗？,-0.9999368243798948
798,205.28500,40198170762805255,LCD流芳百世,-0.5755185864796883
799,171.93700,40198149218762757,太香了,-0.5481728998499881
800,293.09200,40198117089869831,那不是拖影，是开了类纸张效果,-0.9167235276795357
801,223.39500,40198071233544197,喜欢磨砂后盖,0.8742626905517018
802,99.98000,40198062420787203,光线传感器,-0.5755185864796883
803,296.42500,40198012165160967,2299能不能就和同价位手机比，你们这2299想要9922的体验是谁惯的臭毛病,-0.9985121081266916
804,408.54500,40198006173073413,niu,0.5
805,91.95600,40198002323750917,磨砂的嘛,-0.62767751525679
806,47.51600,40197988288561157,"2300的配置直接干翻5,6k的旗舰",-0.9642969829035244
807,245.17900,40197983283707907,快点赞,0.8448799916151345
808,18.83500,40197973286584327,太香了，要杀疯,-0.6825766989698063
809,211.09400,40197902188412933,丑,0.6666666666666666
810,209.22800,40197888929693701,LCD屏，大下巴,0.6397193504190644
811,346.91300,40197889163526147,呀也,-0.5160997293929656
812,393.92900,40197879590551555,我抢到券了，手机没抢到,-0.8196519985127902
813,300.74000,40197857327710213,拖影严重，这价格你tm都不买行吗？,-0.9991406940005215
814,37.97500,40197834623418375,影响模组拉跨，没兴趣,-0.9356675429849872
815,146.99500,40197828356079619,窒息的下巴。。溜了,-0.9534847089290364
816,64.29900,40197804368855045,不环保,-0.748824883190878
817,181.30500,40197802051502087,LCD耐用啊，不烧屏，钉子户必备,-0.8764209297608567
818,400.63600,40197799009583111,2299很不错了,0.894606712136376
819,123.14100,40197789401481221,战术镜头。。。,-0.7716432466844814
820,99.10000,40197765361303559,这就是小米10t,-0.8244566639859822
821,297.10800,40197754835697667,还行,-0.6666666666666666
822,56.41900,40197739124359173,vivo？,-0.5755185864796883
823,58.18400,40197732529864711,哈哈哈哈不环保,-0.7164163715773874
824,42.26000,40197729293959175,熟悉的大魔王恐龙,-0.6925670636323122
825,19.26800,40197719731994627,快男,0.5
826,192.39200,40197711641182213,可以啊,-0.5187321845061845
827,151.65700,40197705490759683,下巴？,0.5959802767398612
828,129.45500,40197685266874375,云台可以用了,-0.7166213904989411
829,397.63000,40197641123397639,2299无敌,0.5959802767398612
830,388.01900,40197621107654663,2299香炸了,0.5776748738081882
831,40.49900,40197618258673671,月光人版本,-0.677575507705303
832,412.15300,40197603685564421,已经拿下,-0.5318250660090325
833,54.01300,40197586629427205,不环保,-0.748824883190878
834,354.63700,40197548935217159,p40这。。。,-0.8067981643788914
835,223.94000,40197540879007747,能玩LOL手游吗,-0.5141979239485954
836,41.30000,40197538235547655,不都喜欢紧的吗？,-0.6723215371654644
837,44.01000,40197524035731461,提前不环保,0.5529704404843082
838,400.70600,40197521853120517,我抢到了,-0.787555420311168
839,165.54500,40197518881456133,lcd下巴挺多比它窄的啊,0.5064177563821093
840,193.26000,40197516091195395,周冬雨？,-0.5755185864796883
841,394.50300,40197509591072775,考虑买个当备机,-0.7228782934509499
842,383.76800,40197505237385219,真的香,0.8207236112162609
843,121.78400,40197478410092547,双摄整的跟五摄似的,-0.9322389538078489
844,202.27400,40197469055746051,lcd比oled不伤眼睛,-0.5341220055598205
845,63.66000,40197465517850631,不环保,-0.748824883190878
846,149.40900,40197431349477383,太丑了吧～～,-0.8534597982087757
847,27.74000,40197425881677829,再割拨韭蔡,-0.7299698598794182
848,15.30600,40197419259396101,快快快,-0.7859589495764852
849,77.90500,40197415729889285,精致啊,0.6390089820907
850,391.93900,40197411614228483,打工党,-0.5041802103589726
851,62.03600,40197406369775623,这颜色太高级,0.9408599252934085
852,59.57400,40197400803409925,z,0.5
853,80.88000,40197396360069127,不环保,-0.748824883190878
854,26.41900,40197391056371719,Redmi k30s pro 至尊纪念极速变焦版 ultra 5g,-0.8958026139240822
855,52.14300,40197383971667971,太不环保了,-0.9476028787513023
856,103.63500,40197368972836871,光线传感器,-0.5755185864796883
857,114.82900,40197361195024391,是不错的微距镜头,0.8419432602208322
858,395.48600,40197353678831623,2299    2499,-0.8208352311177064
859,387.40600,40197343503974405,已付定金,-0.5599802312376554
860,326.98700,40197341911187463,说老年机的您可真能说?,-0.8154665571535752
861,89.06000,40197342373085191,vivo的x50,-0.7338552981820984
862,201.06100,40197341206020099,这边框不必IP12窄多了,-0.7557792319109784
863,184.06200,40197330202787845,就是下巴宽了点,-0.6549467810498851
864,422.50000,40197329638653955,全体起立,-0.5755185864796883
865,345.88400,40197287506345987,嗡嗡嗡嗡嗡嗡,-0.5755185864796883
866,342.31700,40197282905718787,小米nb,-0.5755185864796883
867,277.37300,40197278424104965,ltps ,-0.5755185864796883
868,345.88400,40197277668081669,嗡嗡嗡嗡嗡嗡,-0.5755185864796883
869,18.46600,40197269361786885,中,0.5434782608695654
870,100.22000,40197238101639175,我要准备小黄人贴纸了,-0.7815992643794549
871,92.02900,40197223206092803,大眼萌,0.6200606548506866
872,228.73900,40197205267054597,如今90只能叫流畅了吗,-0.7896213883213957
873,216.45900,40197188214063111,144？,-0.5755185864796883
874,12.49700,40197144926748677,没抢到,-0.5141380151447359
875,412.46400,40197118721785863,k30u  1999最香不接受反驳,0.8639017515166544
876,55.99300,40197116110307335,不环保,-0.748824883190878
877,27.54000,40197098106781703,真香鸡，但是你抢的到吗？k30至尊版到现在都没有抢到,-0.9383358893419124
878,50.11300,40197087489425415,不环保,-0.748824883190878
879,333.53200,40197082272759813,米10至尊的双扬没有米10p的好,0.7280174099408223
880,164.14600,40197075658866695,这边框，这下巴,-0.7206958398012673
881,273.50200,40197064595341315,垂直同步,-0.5755185864796883
882,101.13500,40197056707428357,IPAD8的金色和IPAD AIR4的玫瑰金 颜色有区别吗,-0.9813246211436938
883,277.55400,40197054128455683,奈奎施特特带宽,-0.5297151726622437
884,313.12400,40197054158340101,说拖影的，建议看看真机,0.6281551402112777
885,284.07800,40197038940356611,这哪里是拖影==,-0.5734314460016029
886,62.27900,40197025815330823,颜色都抄吗,-0.6030363216553214
887,406.93100,40197011957874693,你可能对学生党有什么误会,-0.9497711783410252
888,228.96000,40197001573302275,说大下巴的看看这是lcd,-0.7619356273388679
889,115.26200,40196904639266819,战术镜头,-0.5755185864796883
890,11.58000,40196901034262533,lcd永不为奴，等等党最终的胜利,-0.987191675792741
891,378.79200,40196896410566661,跑分是真的高,-0.5871379579361815
892,14.31400,40196895303270407,啊，这,-0.7395584872248068
893,197.56500,40196893393813507,LCD太棒了！,-0.6501676500418421
894,154.43100,40196856894980103,死亡下巴,-0.5755185864796875
895,104.69200,40196855275978757,光线传感器,-0.5755185864796883
896,116.45800,40196831183896581,山寨机同款,-0.6967671225676427
897,60.13700,40196813288898567,太不环保了,-0.9476028787513023
898,21.70000,40196780905725959,中奖咯,0.7596723331762665
899,75.90000,40196743225671687,不说还以为viv,-0.799485508070791
900,171.29900,40196707754967045,这边框到屏幕是有多少层,-0.9609243974796775
901,117.95000,40196706909290567,218g,0.5
902,227.49800,40196704162545733,荣耀30钛空银,-0.7943166943631154
903,60.26000,40196699357446147,不环保,-0.748824883190878
904,147.83900,40196686753038341,下巴窒息,0.5959802767398612
905,144.93900,40196683332059207,下巴,0.6666666666666666
906,141.89900,40196680124989445,这下巴,0.5441395438660863
907,94.30900,40196679490076677,小米10t是海外版,-0.7570095012483623
908,248.29200,40196670960435203,看到小甜剧如意芳霏了！！很甜！！推荐大家看,0.8828552939090066
909,46.97800,40196645450153989,不环保,-0.748824883190878
910,11.56800,40196643255484421,k30至尊用户已哭T﹏T,0.7243522579414287
911,66.09900,40196637861085189,好丑。。。,-0.5570978405350795
912,10.88100,40196634967015427,宝贝重重重,0.7198006312607772
913,22.03900,40196612542693379,套娃机,-0.6289107732840395
914,41.80600,40196611679191047,30U哭晕在厕所,-0.6093125145193107
915,85.07600,40196551963312133,怎么看怎么都不环保,-0.8424878142717964
916,19.74900,40196542760484869,中,0.5434782608695654
917,399.65600,40196539703885829,说的就是我,-0.8526168069397554
918,408.25900,40196537795477509,酸了,-0.5986188194468388
919,373.95100,40196535926390787,吊打苹果怕是活在梦里,0.9363075568037394
920,385.66100,40196529415258119,给打工人的手机,0.6015984942845357
921,96.33900,40196528719003651,10t,0.5
922,92.90600,40196498747031559,手持k20pro感觉还能再等一年,-0.6813925341048498
923,267.47600,40196487785218053,绿灯侠屏幕,0.7654783208198276
924,379.39000,40196448282738691,雷兔兔,0.5959802767398612
925,392.53800,40196425372401671,乱杀,0.5
926,160.57000,40196418606465027,2.05D玻璃,-0.882032755810701
927,384.46000,40196401590697987,2299,0.5
928,255.36500,40196385100791813,视频快门速度低，拍高刷新屏必然出重影,-0.8709559872128309
929,98.28100,40196382184701959,小米，集大成（chao）之背面设计,-0.8838865841598954
930,4.02700,40196379623555077,“小米10我凑”,-0.6774020072232394
931,350.42200,40196373116616707,这玩意儿也就值2500啊,-0.7734409358044398
932,104.57900,40196365393330247,好看,0.8647342995169082
933,99.10000,40196356813357063,好看,0.8647342995169082
934,111.24800,40196356715315203,够丑,0.6572601363722547
935,362.15400,40196323659481091,嗡嗡嗡,0.5
936,63.82800,40196318759485443,不环保,-0.748824883190878
937,66.08900,40196316390227975,不环保,-0.748824883190878
938,79.30200,40196303020359683,哦，长这个样子,0.7814915350205831
939,10.49700,40196302955347973,快男,0.5
940,17.46100,40196299129618437,小米杀疯了！！！,-0.9192763821372157
941,188.90000,40196297563570183,我还是买k30至尊版好了,0.7267156065077096
942,371.09200,40196279947493381,@华为畅享20,0.542070580066521
943,144.51000,40196274439323651,这下巴……告辞了,-0.8616487055970932
944,397.30300,40196271861399559,2299,0.5
945,154.97200,40196264354643973,屏幕有道缝你们没看见吗？,-0.9657052479704098
946,79.01500,40196259469852675,预定的同款,-0.5795982853527288
947,80.86000,40196225587740677,太漂亮了吧,0.8463359452807737
948,56.81900,40196209740087303,不环保,-0.748824883190878
949,6.66000,40196181204140035,真快,-0.5670283532697982
950,102.15500,40196178984828933,三真一假,0.6712343626659852
951,307.99300,40196159210782727,Lcd没有拖影还叫lcd吗,-0.7558058583658279
952,16.60000,40196133762367493,666,0.5
953,79.91900,40196119297261575,P40：我底裤呢？？,-0.808799684036832
954,266.79800,40196115874185283,拖影，颜色还偏绿,0.6517793576393761
955,390.25400,40196094557159431,划重点 预算敏感用户,0.6803217371243586
956,402.98500,40196083516702727,已下单,0.5158250818147015
957,167.79500,40196060165963781,都这配置了还想要外观手感?,-0.9326229183151428
958,167.57500,40196058682228741,摄像头太突出了,-0.6219173694920609
959,80.95800,40196046508261379,不环保你吗呢？这么多跟风狗？,-0.9528023530450603
960,320.89400,40196043024891907,这么拉跨也要戴上米10的帽子？,-0.7878139792030096
961,78.70700,40196007894450183,真是对自己狠,-0.8995239532924665
962,11.45900,40195998283726855,中奖,0.8333333333333333
963,185.79100,40195992945426439,LCD永不为奴,-0.6476685249564166
964,23.84800,40195974479478791,我还是喜欢没有孔的屏幕,0.8703236896025036
965,181.89400,40195950997667845,小米10这么拉跨了么,-0.8883425594583672
966,407.85400,40195950566703111,挖孔劝退,-0.5795982853527304
967,389.26000,40195949565313027,1999交个朋友,0.777630873824127
968,387.33400,40195934352572419,离谱,-0.8333333333333333
969,403.37700,40195931849097223,学生有怎么穷？你怕不是被养惯了吧,-0.9939429088889501
970,123.42000,40195913094791173,抄袭华为,0.746851681597571
971,301.11300,40195903200428039,看着三十帧的视频，在这说拖影，你们可真会整活。,-0.9395795198647496
972,221.33900,40195892211351555,这个60Hz动画就nm离谱,-0.9718433774828149
973,60.39200,40195865618939911,不环保,-0.748824883190878
974,181.31300,40195829046181895,我只看到了2299,-0.7137234645017897
975,17.78300,40195797368176645,我不管红米k30至尊版最香,-0.5018761957367803
976,60.69100,40195793901060099,不环保,-0.748824883190878
977,267.49700,40195792147316741,说拖影我笑了 手上两代iPad Pro也有拖影 和机器温度有关的,-0.9984594202239038
978,172.06800,40195756603211779,看拆解视频了  摄像头凑数的,-0.9132038139238255
979,106.30000,40195753692364805,感光元件,-0.5755185864796883
980,283.58000,40195744014532615,因为我用过LCD的高刷手机。,-0.7041266769654619
981,283.58000,40195736632033283,实际的拖影没有视频中这么严重。,-0.97540426368353
982,355.18000,40195728677535747,K30P用户再次被弄哭,-0.5433947060829711
983,294.69700,40195720490778627,跟我的iPad Pro一样,-0.8176515030106382
984,51.23900,40195708666511365,太不环保了,-0.9476028787513023
985,18.50100,40195707013955591,定金已付,-0.5599802312376554
986,156.89400,40195706466598919,纯平面玻璃爱了,-0.843837924574648
987,333.30100,40195688992604165,2000块，865，缩水太严重，呵呵,-0.9988581423142261
988,18.76000,40195687659339779,中,0.5434782608695654
989,407.80600,40195685216157699,"我宁愿3500起价换一个更好得lcd,",-0.7885806738767639
990,52.96900,40195678991286275,告辞,0.5
991,307.34200,40195672610701317,lcd拖影是没救,0.5158248707498846
992,62.92400,40195664120381445,不环保,-0.748824883190878
993,225.23600,40195664362602501,感觉这上面的90和144看不出差别啊,-0.9053561450281586
994,31.72100,40195664062709827,K30 Stupid,-0.6476685249564166
995,56.42400,40195660794298375,不环保,-0.748824883190878
996,391.85400,40195653781422083,全体起立,-0.5755185864796883
997,128.29400,40195639643471879,战术迷惑5摄,-0.7136565603633456
998,153.26500,40195607184801797,P40差不多,-0.5755185864796875
999,245.60600,40195590319505411,快给看看显示怎么样,0.8964625925921733
